200103,27702,BMLFUW-UW.1.3.2/0354-V/4/2009,2010-01-01,,,,,JAG,2013,2013,-,,-,-,AT,,,10-Aircraft operator activities,,,,,,,,,,,,,,,,,,,,,,,,,,,,,,,,,,,,,,,,,,,671,,,,,,,Excluded,,0,Not Calculated,C,,,,,,,,,,,,,,,,,,,,,,,,,,,,,,,,,,,,,,,,,,,,,,,,,,,,,,,,,,,,,,,,,,,,,,,,,,,,,,,,,,,,,,,,,,,,,,,,,,,,,,
200108,194,BMFLUW-UW.1.3.2/0084-V/4/2010,2010-01-01,,,,,,2012,2014,-,,-,-,AT,,,10-Aircraft operator activities,,,,,,,,,,,,,,,,,,,,,,,,,,,,,,,,,,,,,,,,,,,11,1678,1678,1678,1678,A,8,1692,,0,0,A,8,1720,3412,3412,3412,A,8,,,,,,0,,,,,,,,,,,,,,,,,,,,,,,,,,,,,,,,,,,,,,,,,,,,,,,,,,,,,,,,,,,,,,,,,,,,,,,,,,,,,,,,,,,,,,,,,
200109,36057,UW.1.3.2/0085-V/4/2011,2010-01-01,,,,,,2012,2012,-,,-,-,AT,,,10-Aircraft operator activities,,,,,,,,,,,,,,,,,,,,,,,,,,,,,,,,0,,,,,,0,,,,,94,0,,0,0,A,,,,,,,,,,,,,,,,,,,,,,,,,,,,,,,,,,,,,,,,,,,,,,,,,,,,,,,,,,,,,,,,,,,,,,,,,,,,,,,,,,,,,,,,,,,,,,,,,,,,,,,,,,,,
200146,440,BMNT-UW.1.3.2/0189-IV/1/2019,2010-01-01,,,,,AUA,2012,0,-,,-,-,AT,,,10-Aircraft operator activities,,,,,,,,,,,,,,,,,,,,,,,,,,,,,,,,,,,,,,,,,,,1541468,828384,828384,828384,828384,A,412575,733862,,0,0,A*,412575,716282,1450145,1450145,1450144,A,412575,720505,720504,2170649,2170649,A,412575,763086,763086,2933735,2933735,A,412575,819688,819688,3753423,3753423,A,412575,874529,874529,4627952,4627952,A,412575,913486,913486,5541438,5541438,A,424300,266908,276140,5808346,5808346,A,400165,394908,405526,394908,394908,A,391164,,,,,,382162,,,,,,,,,,,,,,,,,,,,,,,,,,,,,,,,,,,,,,,,,,,,,,,,17869,9232,276140,9232,9232,A,17476,10618,405526,10618,10618,A,17083,,,,,,,,,,,,,,,,,,,,,,,,,,,,,,,,,,,,,,,,,,,,,,,,,,,,,
200165,28567,BMLFUW-UW.1.3.2/0130-V/4/2010,2010-01-01,,,,,OE-HMR,2012,2019,-,,-,-,AT,,,10-Aircraft operator activities,,,,,,,,,,,,,,,,,,,,,,,,,,,,,,,,,,,,,,,,,,,25,791,791,791,791,A,16,Excluded,,0,0,A,16,Excluded,,0,0,A,16,Excluded,,0,0,A,16,Excluded,,0,0,A,16,Excluded,,0,0,A,16,Excluded,,0,0,A,16,Excluded,,0,0,A,0,Excluded,,,,,,,,,,,,,,,,,,,,,,,,,,,,,,,,,,,,,,,,,,,,,,,,,,,,,,,,,,,,,,,,
200180,209,BMFLUW-UW.1.3.2/0372-V/4/2009,2010-01-01,,,,,,2012,0,-,,-,-,AT,,,10-Aircraft operator activities,,,,,,,,,,,,,,,,,,,,,,,,,,,,,,,,,,,,,,,,,,,3,297,297,297,297,A,,Excluded,,0,0,A,,Excluded,,0,0,A,,Excluded,,0,0,A,,Excluded,,0,0,A,,Excluded,,0,0,A,,Excluded,,0,0,A,,Excluded,,0,0,A,,Excluded,,0,Not Calculated,-,,Excluded,,0,Not Calculated,-,,,,,,,,,,,,,,,,,,,,,,,,,,,,,,,,,,,,,,,,,,,,,,,,,,,,,,,,Excluded,,0,Not Calculated,C,,Excluded,,0,Not Calculated,-,,,,,,,,,,,,,,,,,,,,,,,,,,,,,,,,,,,,,,,,,,,,,,,,,,,,,,
200265,30323,BMFLUW-UW.1.3.2/0255-V/4/2010,2009-01-01,,,,,,2012,0,-,,-,-,AT,,,10-Aircraft operator activities,,,,,,,,,,,,,,,,,,,,,,,,,,,,,,,,,,,,,,,,,,,493,6358,6358,6358,6358,A,146,2697,,0,0,A,146,4647,7344,7344,7344,A,146,5542,5542,12886,12886,A,146,4647,4647,17533,17533,A,146,5365,5365,22898,22898,A,146,4565,4565,27463,27463,A,146,5209,5209,32672,32672,A,157,4816,5524,37488,37488,A,135,6831,7846,6831,6831,A,131,,,,,,128,,,,,,,,,,,,,,,,,,,,,,,,,,,,,,,,,,,,,,,,,,,,,,,,26,708,5524,708,708,A,22,1015,7846,1015,1015,A,21,,,,,,,,,,,,,,,,,,,,,,,,,,,,,,,,,,,,,,,,,,,,,,,,,,,,,
200433,29932,BMLFUW-UW.1.3.2/0261-V/4/2013,2010-01-01,,,,,NLY,2012,0,-,,-,-,AT,,,10-Aircraft operator activities,,,,,,,,,,,,,,,,,,,,,,,,,,,,,,,,,,,,,,,,,,,283624,330525,330525,330525,330525,A,141040,226751,,0,0,A,141040,253650,480401,480401,480401,A,141040,255813,255813,736214,736214,A,141040,253289,253289,989503,989503,A,141040,Not Reported,,989503,Not Calculated,C,141040,Not Reported,,989503,Not Calculated,C,141040,Not Reported,,989503,Not Calculated,C,141040,Not Reported,,989503,Not Calculated,C,,Not Reported,,0,Not Calculated,C,,,,,,,,,,,,,,,,,,,,,,,,,,,,,,,,,,,,,,,,,,,,,,,,,,,,,,,,Not Reported,,0,Not Calculated,C,,Not Reported,,0,Not Calculated,C,,,,,,,,,,,,,,,,,,,,,,,,,,,,,,,,,,,,,,,,,,,,,,,,,,,,,,
200442,1178,BMLFUW-UW.1.3.2/0010-V/4/2011,2010-01-01,,,,,OE-HIT,2012,2012,-,,-,-,AT,,,10-Aircraft operator activities,,,,,,,,,,,,,,,,,,,,,,,,,,,,,,,,,,,,,,,,,,,16,555,555,555,555,A,,Excluded,,,,,,Excluded,,,,,,Excluded,,,,,,,,,,,,,,,,,,,,,,,,,,,,,,,,,,,,,,,,,,,,,,,,,,,,,,,,,,,,,,,,,,,,,,,,,,,,,,,,,,,,,,,,,,,,,,
201018,28512,BMLFUW-UW.1.3.2/0030-V/4/2011,2010-01-01,,,,,ISK,2012,2015,-,,-,-,AT,,,10-Aircraft operator activities,,,,,,,,,,,,,,,,,,,,,,,,,,,,,,,,,,,,,,,,,,,8369,16376,16376,16376,16376,A,7802,16656,,0,0,A,7802,13471,30127,30127,30127,A,7802,15330,,30127,Not Calculated,C*,0,,13410,,,,,,,,,,,,,,,,,,,,,,,,,,,,,,,,,,,,,,,,,,,,,,,,,,,,,,,,,,,,,,,,,,,,,,,,,,,,,,,,,,,,,,,
47,AGRANA Gmünd,ILE166,2005-01-26,,,,,2005,0,Conrathstrasse 7,,3953,Gmünd,AT,,,20-Combustion of fuels,32566,36722,36722,36722,36722,A,32566,35053,35053,71775,71775,A,32566,33885,33885,105660,105660,A,33837,34781,34781,34781,34781,A,33837,33803,33803,68584,68584,A,33837,33695,33695,102279,102279,A,33837,34599,34599,136878,136878,A,33837,36080,36080,172958,172958,A,28705,34683,34683,34683,34683,A,27565,34693,34693,69376,69376,A,27245,35812,35812,105188,105188,A,26279,37500,37500,142688,142688,A,25326,39282,39282,181970,181970,A,24384,40089,40089,222059,222059,A,23456,39942,39942,262001,262001,A,22541,39026,39026,301027,301027,A,22509,40126,40126,40126,40126,A,23629,,,,,,23629,,,,,,23629,,,,,,23629,,,,,,,,,,,,,,,,,,,,,,,,,,,,,,,,,,,
50,AGRANA Aschach,ILE165,2005-10-18,,,,20000.00442,2005,0,Raiffeisenweg 2-6,,4082,Aschach,AT,,,20-Combustion of fuels,80719,70865,70865,70865,70865,A,80719,77832,77832,148697,148697,A,80719,78721,78721,227418,227418,A,74854,76343,76343,76343,76343,A,74854,77710,77710,154053,154053,A,74854,81800,81800,235853,235853,A,74854,81065,81065,316918,316918,A,74854,81114,81114,398032,398032,A,57669,82073,82073,82073,82073,A,56666,81011,81011,163084,163084,A,55662,79640,79640,242724,242724,A,54659,81599,81599,324323,324323,A,53656,84100,84100,408423,408423,A,52651,83757,83757,492180,492180,A,51648,69660,69660,561840,561840,A,50645,71999,71999,633839,633839,A,31928,68627,68627,68627,68627,A,31107,,,,,,30287,,,,,,29467,,,,,,28646,,,,,,,,,,,,,,,,,,,,,,,,,,,,,,,,,,,
51,AGRANA Tulln,ILE161,2005-07-01,,,,20000.00320,2005,0,Josef-Reither-Strasse 21-23,,3430,Tulln,AT,,,20-Combustion of fuels,77919,68460,68460,68460,68460,A,77919,77649,77649,146109,146109,A,77919,75699,75699,221808,221808,A,87081,85061,85061,85061,85061,A,87081,89437,89437,174498,174498,A,87081,99409,99409,273907,273907,A,87081,97349,97349,371256,371256,A,87081,89345,89345,460601,460601,A,101514,77313,77313,77313,77313,A,99751,88501,88501,165814,165814,A,97967,100752,100752,266566,266566,A,96165,84713,84713,351279,351279,A,94343,88764,88764,440043,440043,A,92503,69086,69086,509129,509129,A,90640,64788,64788,573917,573917,A,88771,59608,59608,633525,633525,A,61910,60559,60559,60559,60559,A,58891,,,,,,58891,,,,,,58891,,,,,,58891,,,,,,,,,,,,,,,,,,,,,,,,,,,,,,,,,,,
48,AGRANA Leopoldsdorf,ILE163,2005-12-13,,,,20000.00236,2005,0,Bahnstrasse 104,,2285,Leopoldsdorf i. M.,AT,,,20-Combustion of fuels,63684,59968,59968,59968,59968,A,63684,65662,65662,125630,125630,A,63684,69137,69137,194767,194767,A,77133,76793,76793,76793,76793,A,77133,78869,78869,155662,155662,A,77133,81895,81895,237557,237557,A,77133,80142,80142,317699,317699,A,77133,72464,72464,390163,390163,A,66220,74739,74739,74739,74739,A,65070,81039,81039,155778,155778,A,63907,91828,91828,247606,247606,A,62731,70927,70927,318533,318533,A,61542,74543,74543,393076,393076,A,60343,53318,53318,446394,446394,A,59128,45890,45890,492284,492284,A,57908,41229,41229,533513,533513,A,29034,48238,48238,48238,48238,A,29882,,,,,,29882,,,,,,29882,,,,,,29882,,,,,,,,,,,,,,,,,,,,,,,,,,,,,,,,,,,
49,AGRANA Hohenau,ILE162,2004-01-02,2008-07-29,,,1044910466,2005,2007,Bahnstrasse 25,,2273,Hohenau a.d.M.,AT,,,1-Combustion installations with a rated thermal input exceeding 20 MW,58866,58609,58609,58609,58609,A,58866,1812,1812,60421,60421,A,58866,773,773,61194,61194,A,0,Not Reported,,0,Not Calculated,C,0,Not Reported,,0,Not Calculated,C,0,Not Reported,,0,Not Calculated,C,0,,,,,,0,,,,,,,,,,,,,,,,,,,,,,,,,,,,,,,,,,,,,,,,,,,,,,,,,,,,,,,,,,,,,,,,,,,,,,,,,,,,,,,,,,,,,,,,,,,,,,,,,,,,,,,,,,,,,,,,,
25,Borealis Agrolinz Melamine GmbH,ICH114,2005-07-21,,,,20000.00197,2005,0,St.-Peter-Straße 25,,4021,Linz,AT,,,20-Combustion of fuels,87252,86583,86583,86583,86583,A,87252,86608,86608,173191,173191,A,87252,78551,78551,251742,251742,A,85080,83444,83444,83444,83444,A,85080,77625,77625,161069,161069,A,85080,73867,73867,234936,234936,A,85080,63007,63007,297943,297943,A,85080,62144,62144,360087,360087,A,242887,48421,48421,48421,48421,A,237354,53648,53648,102069,102069,A,231818,52815,52815,154884,154884,A,226286,55243,55243,210127,210127,A,220755,56679,56679,266806,266806,A,215233,56227,56227,323033,323033,A,209703,60724,60724,383757,383757,A,204209,58769,58769,442526,442526,A,165069,53257,53257,53257,53257,A,165069,,,,,,165069,,,,,,165069,,,,,,165069,,,,,,,,,,,,,,,,,,,,,,,,,,,,,,,,,,,
41,AMAG Service Ranshofen,IMS193,2005-05-30,2020-11-24,,,,2005,2020,Lamprechtshausner Strasse 61,,5282,Ranshofen,AT,,,20-Combustion of fuels,9628,9595,9595,9595,9595,A,9628,9341,9341,18936,18936,A,9628,7689,7689,26625,26625,A,9149,6984,6984,6984,6984,A,9149,6849,6849,13833,13833,A,9149,7221,7221,21054,21054,A,9149,6445,6445,27499,27499,A,9149,6435,6435,33934,33934,A,389,7706,7706,7706,7706,A,348,7093,7093,14799,14799,A,308,5872,5872,20671,20671,A,270,6618,6618,27289,27289,A,232,6783,6783,34072,34072,A,197,5645,5645,39717,39717,A,162,5231,5231,44948,44948,A,128,5440,5440,50388,50388,A,,,,,,,,,,,,,,,,,,,,,,,,,,,,,,,,,,,,,,,,,,,,,,,,,,,,,,,,,,,,
1,Calmit Bad Ischl,IKA119,2005-06-01,,,,1066110689,2005,0,Rettenbach 143,,4820,Bad Ischl,AT,,,"30-Production of lime, or calcination of dolomite/magnesite",44894,41399,41399,41399,41399,A,44894,42708,42708,84107,84107,A,44894,51041,51041,135148,135148,A,43171,57009,57009,57009,57009,A,43171,44299,44299,101308,101308,A,43171,45808,45808,147116,147116,A,43171,47922,47922,195038,195038,A,43171,49810,49810,244848,244848,A,42159,50105,50105,50105,50105,A,41426,50308,50308,100413,100413,A,40685,41989,41989,142402,142402,A,39937,45142,45142,187544,187544,A,39180,48681,48681,236225,236225,A,38416,42302,42302,278527,278527,A,37643,46415,46415,324942,324942,A,36866,43728,43728,368670,368670,A,33216,49372,49372,49372,49372,A,33216,,,,,,33216,,,,,,33216,,,,,,33216,,,,,,,,,,,,,,,,,,,,,,,,,,,,,,,,,,,
118,Borealis Schwechat,ICH109,2005-01-12,,,,20000.00282,2005,0,Danubiastraße 21-25,,2320,Schwechat,AT,,,42-Production of bulk chemicals,19096,13944,13944,13944,13944,A,19096,19398,19398,33342,33342,A,19096,19276,19276,52618,52618,A,14798,30701,30701,30701,30701,A,14798,30803,30803,61504,61504,A,14798,44749,44749,106253,106253,A,14798,43298,43298,149551,149551,A,14798,40451,40451,190002,190002,A,76040,20717,20717,20717,20717,A,74720,14510,14510,35227,35227,A,73384,12968,12968,48195,48195,A,72034,14351,13753,61948,61948,A*,70669,12470,11702,73650,73650,A*,69291,12336,10125,83775,83775,A*,67896,11800,15377,99152,95575,A,66496,10021,10021,109173,109173,A,42116,9932,9932,9932,9932,A,41917,,,,,,39161,,,,,,39161,,,,,,39161,,,,,,,,,,,,,,,,,,,,,,,,,,,,,,,,,,,
2,Breitenfelder Edelstahl Mitterdorf,IES069,2005-11-23,,,,1029210323,2005,0,Breitenfeld Strasse 22,,8662,Mitterdorf,AT,,,24-Production of pig iron or steel,8492,12104,12104,12104,12104,A,8492,12256,12256,24360,24360,A,8492,14976,14976,39336,39336,A,14063,17523,17523,17523,17523,A*,17155,16815,16815,34338,34338,A,26429,15963,15963,50301,50301,A,26429,19328,19328,69629,69629,A,26429,16434,16434,86063,86063,A,15118,19734,29290,29290,19734,A*,14856,18498,18498,47788,38232,A,14590,17366,17366,65154,55598,A,14322,17233,17233,82387,72831,A,14051,21031,21031,103418,93862,A,13776,23457,20287,123705,117319,A,13499,26777,29947,153652,144096,A,13221,23144,13588,167240,167240,A,16007,24040,24040,24040,24040,A,15752,,,,,,15752,,,,,,15752,,,,,,15752,,,,,,,,,,,,,,,,,,,,,,,,,,,,,,,,,,,
106,Glanzstoff St. Pölten,ICH105,2005-01-25,2013-03-13,,,1032610564,2005,2012,Herzogenburgerstrasse 69,,3100,St. Pölten,AT,,,1-Combustion installations with a rated thermal input exceeding 20 MW,60878,59801,59801,59801,59801,A,60878,51694,51694,111495,111495,A,60878,46013,46013,157508,157508,A,60346,25481,25481,25481,25481,A,60346,3054,3054,28535,28535,A,60346,3090,3090,31625,31625,A,60346,3049,3049,34674,34674,A,60346,1672,1672,36346,36346,A,,,,,,,,,,,,,,,,,,,,,,,,,,,,,,,,,,,,,,,,,,,,,,,,,,,,,,,,,,,,,,,,,,,,,,,,,,,,,,,,,,,,,,,,,,,,,,,,,,,,,,,,,,,,
83,CMOÖ GuD Anlage Laakirchen,IPA102,2005-04-14,,,,20000.00183,2005,0,Schillerstrasse 5,,4663,Laakirchen,AT,,,20-Combustion of fuels,253605,243736,243736,243736,243736,A,253605,223958,223958,467694,467694,A,253605,234895,234895,702589,702589,A,243831,240789,240789,240789,240789,A,243831,234321,234321,475110,475110,A,243831,236053,236053,711163,711163,A,243831,238288,238288,949451,949451,A,243831,227591,227591,1177042,1177042,A,5743,159977,159977,159977,159977,A,5140,129499,129499,289476,289476,A,4553,116886,116886,406362,406362,A,3985,137345,137345,543707,543707,A,3435,137915,137915,681622,681622,A,2903,180671,180671,862293,862293,A,2388,214667,214667,1076960,1076960,A,1892,177542,177542,1254502,1254502,A,2272,208414,208414,208414,208414,A,2214,,,,,,2156,,,,,,2097,,,,,,2039,,,,,,,,,,,,,,,,,,,,,,,,,,,,,,,,,,,
31,Zementwerk Hatschek GmbH,IZE077,2004-01-01,,,,20000.00382,2005,0,Hatschekstrasse 25,,4810,Gmunden,AT,,,29-Production of cement clinker,343437,369924,369924,369924,369924,A,343437,397422,397422,767346,767346,A,343437,397936,397937,1165283,1165282,A,333309,385307,385307,385307,385307,A,333309,356692,356692,741999,741999,A*,392937,310139,310139,1052138,1052138,A,354992,327781,327781,1379919,1379919,A,354992,344237,344237,1724156,1724156,A,355431,281768,281768,281768,281768,A,349257,331127,331127,612895,612895,A,343011,328182,328182,941077,941077,A,336700,331383,331383,1272460,1272460,A,330320,367391,367391,1639851,1639851,A,323879,328580,328580,1968431,1968431,A,317358,253322,253322,2221753,2221753,A,310813,373604,373604,2595357,2595357,A,289845,377113,377113,377113,377113,A,338477,,,,,,338477,,,,,,338477,,,,,,338477,,,,,,,,,,,,,,,,,,,,,,,,,,,,,,,,,,,
37,F.M. Hämmerle Dornbirn,ICH203,2004-01-02,2014-04-26,,,,2005,2011,Eisengasse 44,,6850,Dornbirn,AT,,,1-Combustion installations with a rated thermal input exceeding 20 MW,12899,9561,9561,9561,9561,A,12899,9125,9125,18686,18686,A,12899,9501,9501,28187,28187,A,9981,7407,2370,2370,7407,B*,9981,3495,3495,5865,10902,B,9981,3896,3896,9761,14798,B,9981,919,919,10680,15717,B,0,Not Reported,,0,Not Calculated,C,,,2,,,,,,,,,,,,,,,,,,,,,,,,,,,,,,,,,,,,,,,,,,,,,,,,,,,,,,,,,,,,,,,,,,,,,,,,,,,,,,,,,,,,,,,,,,,,,,,,,,,,,,,,,
108,Energie Steiermark - FHKW Thondorf,EFE038,2004-01-01,,,,20000.00720,2005,0,Liebenauer Hauptstraße 317,,8041,Graz,AT,,,20-Combustion of fuels,96790,91548,91548,91548,91548,A,96790,66583,66583,158131,158131,A,96790,83979,83979,242110,242110,A,89789,56233,56233,56233,56233,A,89789,57343,57343,113576,113576,A,89789,67935,67935,181511,181511,A,89789,61734,61734,243245,243245,A,89789,47954,47954,291199,291199,A,17417,28440,28440,28440,28440,A,3897,15358,15358,43798,43798,A,0,14399,14399,58197,58197,A,0,14075,14075,72272,72272,A,0,16682,16682,88954,88954,A,0,15204,15204,104158,104158,A,0,14593,14593,118751,118751,A,0,13941,13941,132692,132692,A,33,15561,15561,15561,15561,A,33,,,,,,32,,,,,,31,,,,,,30,,,,,,,,,,,,,,,,,,,,,,,,,,,,,,,,,,,
5,FunderMax Wr. Neudorf,ICH113,2004-01-02,,,,1034010288,2005,0,IZ NÖ-Süd,,2355,Wiener Neudorf,AT,,,20-Combustion of fuels,24003,29943,29943,29943,29943,A,24003,34345,34345,64288,64288,A,24003,33272,33272,97560,97560,A,27343,23865,23865,23865,23865,A,27343,24304,24304,48169,48169,A,27343,25117,25117,73286,73286,A,27343,25940,25940,99226,99226,A,27343,25475,25475,124701,124701,A,26223,30819,30819,30819,30819,A,25697,29079,29079,59898,59898,A,25167,28969,28969,88867,88867,A,24636,30222,30222,119089,119089,A,24102,30088,30088,149177,149177,A,23566,30922,30922,180099,180099,A,23026,33020,33020,213119,213119,A,22488,32040,32040,245159,245159,A,24644,35920,35920,35920,35920,A,25877,,,,,,25877,,,,,,25877,,,,,,25877,,,,,,,,,,,,,,,,,,,,,,,,,,,,,,,,,,,
3,Ziegelwerk Danreiter Ried im Innkreis,IZI155,2004-01-01,,,,20000.00427,2005,0,Rabenberg 11,,4910,Ried,AT,,,32-Manufacture of ceramics,7397,5855,5855,5855,5855,A,7397,3500,3500,9355,9355,A,7397,4346,4346,13701,13701,A,5927,3670,3670,3670,3670,A,5927,2904,2904,6574,6574,A,5927,2861,2861,9435,9435,A,5927,4162,4162,13597,13597,A,5927,4082,4082,17679,17679,A,3494,4017,4017,4017,4017,A,3434,3064,3064,7081,7081,A,3373,3075,3075,10156,10156,A,3311,3436,3436,13592,13592,A,3248,3487,3487,17079,17079,A,3185,3738,3738,20817,20817,A,3120,5129,5129,25946,25946,A,3056,5548,5548,31494,31494,A,4415,5611,5611,5611,5611,A,4572,,,,,,4572,,,,,,4572,,,,,,4572,,,,,,,,,,,,,,,,,,,,,,,,,,,,,,,,,,,
59,DSM Fine Chemicals Austria Linz,ICH112,2006-03-29,2020-01-02,,,20000.00019,2005,2020,St. Peter-Strasse 25,,4020,Linz,AT,,,20-Combustion of fuels,32491,30883,30883,30883,30883,A,32491,23660,23660,54543,54543,A,32491,25366,25366,79909,79909,A,31421,31412,31412,31412,31412,A,31421,30236,30236,61648,61648,A,32432,21485,21485,83133,83133,A,32479,18911,18911,102044,102044,A,31830,22732,22732,124776,124776,A,90297,94294,94294,94294,94294,A,88729,94318,94318,188612,188612,A,87142,93010,93010,281622,281622,A,85539,8373,8373,289995,289995,A,13237,9051,9051,299046,299046,A,12980,8695,8695,307741,307741,A,12718,9459,9459,317200,317200,A,12455,9683,9683,326883,326883,A,,,,,,,,,,,,,,,,,,,,,,,,,,,,,,,,,,,,,,,,,,,,,,,,,,,,,,,,,,,,
53,Metadynea Austria - Krems,ICH108,2005-08-08,,,,101601034,2005,0,Hafenstrasse 77,,3500,Krems,AT,,,42-Production of bulk chemicals,1526,1371,1371,1371,1371,A,1526,1231,1231,2602,2602,A,1526,644,644,3246,3246,A,1408,1203,1203,1203,1203,A,1408,855,855,2058,2058,A,1408,404,404,2462,2462,A,1408,264,264,2726,2726,A,1408,320,320,3046,3046,A,19446,16663,16664,16664,16663,A*,19109,17923,17922,34586,34586,A,18767,18161,18161,52747,52747,A,18422,18188,18188,70935,70935,A,18073,20052,20052,90987,90987,A,17720,20139,20139,111126,111126,A,17363,20111,20111,131237,131237,A,17005,19961,19961,151198,151198,A,16330,20793,20793,20793,20793,A,15830,,,,,,15830,,,,,,15830,,,,,,15830,,,,,,,,,,,,,,,,,,,,,,,,,,,,,,,,,,,
69,Kaindl Holzindustrie Wals,IHO192,2004-01-01,,,,20000.00484,2005,0,Kaindlstrasse 2,,5071,Wals,AT,,,20-Combustion of fuels,61559,78296,78296,78296,78296,A,61559,72808,72808,151104,151104,A,61559,73987,73987,225091,225091,A,90752,70919,70919,70919,70919,A,90752,56220,56220,127139,127139,A,90752,59204,59204,186343,186343,A,90752,49880,49880,236223,236223,A,90752,45801,43123,279346,279346,A*,145063,40234,42912,42912,40234,A,142542,25262,25262,68174,65496,A,91990,20813,20813,88987,86309,A,80485,17666,17666,106653,103975,A,69335,19581,19581,126234,123556,A,58545,20301,20301,146535,143857,A,48105,18432,18432,164967,162289,A,38056,17640,17640,182607,179929,A,91933,25834,25834,25834,25834,A,100270,,,,,,100270,,,,,,100270,,,,,,100270,,,,,,,,,,,,,,,,,,,,,,,,,,,,,,,,,,,
4,Wienerberger Blindenmarkt,IZI146-1,2004-01-02,2008-03-13,,,1052010545,2005,2008,Prasdorf 1,,3372,Blindenmarkt,AT,,,"8-Installations for the manufacture of ceramic products by firing, in particular roofing tiles, bricks, refractory bricks, tiles, stoneware or porcelain",8335,10903,10903,10903,10903,A,8335,6859,6859,17762,17762,A,8335,0,,17762,17762,A,,Not Reported,,0,Not Calculated,C,,Not Reported,,0,Not Calculated,C,,Not Reported,,0,Not Calculated,C,,,,,,,,,,,,,,,,,,,,,,,,,,,,,,,,,,,,,,,,,,,,,,,,,,,,,,,,,,,,,,,,,,,,,,,,,,,,,,,,,,,,,,,,,,,,,,,,,,,,,,,,,,,,,,,,,,,,,,,,
76,KW Timelkam III,EEW003,2004-01-02,,,,,2005,0,Mühlfeld 2,,4850,Timelkam,AT,,,20-Combustion of fuels,4030,35077,35077,35077,35077,A,4030,23606,23606,58683,58683,A,4030,5653,5653,64336,64336,A,6268,16845,16845,16845,16845,A,6268,306,306,17151,17151,A,6268,0,,17151,17151,A,6268,0,,17151,17151,A,6268,0,,17151,17151,A,,0,,0,0,A,,0,,0,0,A,,0,,0,0,A,,0,,0,0,A,,0,,0,0,A,,0,,0,0,A,,0,,0,0,A,,0,,0,0,A,,0,,0,0,A,,,,,,,,,,,,,,,,,,,,,,,,,,,,,,,,,,,,,,,,,,,,,,,,,,,,,,
78,Energie AG OÖ HKW Kirchdorf,EFE017,2004-01-02,,,,1040810399,2005,0,Hans-Mühlböckstrasse 1,,4560,Kirchdorf a.d. Krems,AT,,,20-Combustion of fuels,14582,14468,14468,14468,14468,A,14582,15097,15097,29565,29565,A,14582,13589,13589,43154,43154,A,13655,13855,13855,13855,13855,A,13655,13785,13785,27640,27640,A,13655,15856,15856,43496,43496,A,13655,13961,13961,57457,57457,A,13655,15473,15473,72930,72930,A,10150,18654,18654,18654,18654,A,9083,17509,17509,36163,36163,A,8047,14754,14754,50917,50917,A,7043,13070,13070,63987,63987,A,6071,15190,15190,79177,79177,A,5130,16311,16311,95488,95488,A,4220,15180,15180,110668,110668,A,3342,14786,14786,125454,125454,A,1943,17714,17714,17714,17714,A,1893,,,,,,1843,,,,,,1793,,,,,,1743,,,,,,,,,,,,,,,,,,,,,,,,,,,,,,,,,,,
79,Energie AG Kraftwerk Riedersbach,EEW001,2004-01-01,,,,20000.00272,2005,0,Weilhartstrasse 1,,5120,St. Pantaleon,AT,,,20-Combustion of fuels,535029,707404,707404,707404,707404,A,535029,730870,730870,1438274,1438274,A,535029,585664,585664,2023938,2023938,A,437140,730397,730397,730397,730397,A,437140,342118,342118,1072515,1072515,A,437140,310019,310019,1382534,1382534,A,437140,253226,253226,1635760,1635760,A,437140,208067,208067,1843827,1843827,A,8994,206401,206401,206401,206401,A,7468,236873,236873,443274,443274,A,6100,270681,270681,713955,713955,A,4888,203045,203045,917000,917000,A,3825,7775,7775,924775,924775,A,3195,6576,6576,931351,931351,A,2628,6660,6660,938011,938011,A,2081,6267,6267,944278,944278,A,1363,6760,6760,6760,6760,A,1328,,,,,,1293,,,,,,1258,,,,,,1223,,,,,,,,,,,,,,,,,,,,,,,,,,,,,,,,,,,
91,Kirchdorfer Zementwerk Hofmann GmbH,IZE074,2004-01-01,,,,20000.00217,2005,0,Hofmannstraße 4,,4560,Kirchdorf an der Krems,AT,,,29-Production of cement clinker,239842,219745,219745,219745,219745,A,239842,222135,222135,441880,441880,A,239842,268680,271338,713218,710560,A*,231583,240098,240098,240098,240098,A,231583,235552,235552,475650,475650,A,310605,196287,196287,671937,671937,A,284701,192381,192381,864318,864318,A,284701,222153,222153,1086471,1086471,A,294089,191794,191794,191794,191794,A,288838,203595,203595,395389,395389,A,283533,206097,206097,601486,601486,A,278178,219510,219510,820996,820996,A,272773,189999,189999,1010995,1010995,A,267321,234800,234800,1245795,1245795,A,261809,233084,233084,1478879,1478879,A,256284,238564,238564,1717443,1717443,A,208502,263225,262065,262065,262065,A*,208502,,1160,,,,208502,,,,,,208502,,,,,,208502,,,,,,,,,,,,,,,,,,,,,,,,,,,,,,,,,,,
80,Energie AG Kraftwerk Timelkam II,EEW002,2004-01-01,,,,20000.00273,2005,0,Mühlfeld 2,,4850,Timelkam,AT,,,20-Combustion of fuels,269523,365235,365235,365235,365235,A,269523,269774,269774,635009,635009,A,269523,354276,354276,989285,989285,A,171714,155557,155557,155557,155557,A,37606,16798,16798,172355,172355,A,37606,9696,9696,182051,182051,A,37606,3781,3781,185832,185832,A,37606,11240,11240,197072,197072,A,31409,24792,24792,24792,24792,A,28108,20667,20667,45459,45459,A,24900,11131,11131,56590,56590,A,21795,13685,13685,70275,70275,A,18787,5887,5887,76162,76162,A,15876,7118,7118,83280,83280,A,13060,4240,4240,87520,87520,A,10343,5200,5200,92720,92720,A,7267,7313,7313,7313,7313,A,7081,,,,,,6894,,,,,,6707,,,,,,6520,,,,,,,,,,,,,,,,,,,,,,,,,,,,,,,,,,,
81,ENERGIE-Contracting Steyr GmbH,IMS200,2005-04-07,,,,20000.00602,2005,0,Schönauerstrasse 5,,4400,Steyr,AT,,,20-Combustion of fuels,24541,22141,22141,22141,22141,A,24541,20507,20507,42648,42648,A,24541,16684,16684,59332,59332,A,24051,18377,18377,18377,18377,A,24051,15389,15389,33766,33766,A,24051,19223,19223,52989,52989,A*,24051,14666,14666,67655,67655,A,24051,12388,12388,80043,80043,A,13808,9483,9483,9483,9483,A,12357,6969,6969,16452,16452,A,10946,7941,7941,24393,24393,A,9577,7434,7434,31827,31827,A,8250,9347,9347,41174,41174,A,6966,8447,8447,49621,49621,A,5724,9360,9360,58981,58981,A,4528,9349,9349,68330,68330,A,,11048,11048,11048,11048,A,,,,,,,,,,,,,,,,,,,,,,,,,,,,,,,,,,,,,,,,,,,,,,,,,,,,,,
42,Ernstbrunner Kalktechnik Ernstbrunn,IKA118,2005-04-01,,,,1048810504,2005,0,Mistelbacher Strasse 70-80,,2115,Ernstbrunn,AT,,,"30-Production of lime, or calcination of dolomite/magnesite",37687,24591,24591,24591,24591,A,37687,37364,37364,61955,61955,A,37687,49559,49559,111514,111514,A,33635,43916,43916,43916,43916,A,33635,35937,35937,79853,79853,A,33635,30419,30419,110272,110272,A,33635,32757,32757,143029,143029,A,33635,28348,28348,171377,171377,A,38590,28113,28113,28113,28113,A,37920,26343,26343,54456,54456,A,37242,29823,29823,84279,84279,A,36557,28079,28079,112358,112358,A,35864,26945,26945,139303,139303,A,35165,22541,22541,161844,161844,A,34457,22549,22549,184393,184393,A,33746,24738,24738,209131,209131,A,21171,31084,31084,31084,31084,A,21171,,,,,,21171,,,,,,21171,,,,,,21171,,,,,,,,,,,,,,,,,,,,,,,,,,,,,,,,,,,
61,Lafarge Perlmooser Retznei,IZE073,2004-01-01,,,,20000.00211,2005,0,Retznei 34,,8461,Retznei,AT,,,29-Production of cement clinker,316474,327304,327304,327304,327304,A,316474,314811,314811,642115,642115,A,316474,319996,319996,962111,962111,A*,293107,337266,337266,337266,337266,A,293107,261992,261992,599258,599258,A,293107,241277,241277,840535,840535,A,293107,276666,276666,1117201,1117201,A,293107,290770,290770,1407971,1407971,A,293901,278083,278083,278083,278083,A,288796,269972,269972,548055,548055,A,283632,308842,308842,856897,856897,A,278413,316567,316567,1173464,1173464,A,273138,323694,323694,1497158,1497158,A,267812,326094,326094,1823252,1823252,A,262420,300968,300968,2124220,2124220,A,257008,331919,331919,2456139,2456139,A,273165,338283,338283,338283,338283,A,273165,,,,,,273165,,,,,,273165,,,,,,273165,,,,,,,,,,,,,,,,,,,,,,,,,,,,,,,,,,,
18,Wien Energie - FHKW Süd Inzersdorf,EFE043,2004-12-22,,,,20000.00041,2005,0,Rostwalgasse 94,,1230,Wien,AT,,,20-Combustion of fuels,4485,6909,6909,6909,6909,A,4485,3098,3098,10007,10007,A,4485,2669,2669,12676,12676,A,6952,4819,4819,4819,4819,A,6952,3190,3190,8009,8009,A,6952,2232,2232,10241,10241,A,6952,2017,2017,12258,12258,A,6952,21164,21164,33422,33422,A,2702,64742,64742,64742,64742,A,2419,45943,45943,110685,110685,A,2142,31223,31223,141908,141908,A,1874,22436,22436,164344,164344,A,1615,48176,48176,212520,212520,A,1363,36272,36272,248792,248792,A,1120,16272,16272,265064,265064,A,886,6046,6046,271110,271110,A,2744,5392,5392,5392,5392,A,1379,,,,,,1379,,,,,,1379,,,,,,1379,,,,,,,,,,,,,,,,,,,,,,,,,,,,,,,,,,,
63,Lafarge Perlmooser Mannersdorf,IZE072,2004-01-01,,,,20000.00047,2005,0,Wiener Strasse 10,,2452,Mannersdorf,AT,,,29-Production of cement clinker,609479,584257,584257,584257,584257,A,609479,623883,623883,1208140,1208140,A,609479,708917,708917,1917057,1917057,A,536364,720857,720857,720857,720857,A,536364,613361,613361,1334218,1334218,A,536364,601677,601677,1935895,1935895,A,536364,535516,535516,2471411,2471411,A,594252,566554,566554,3037965,3037965,A,581745,598660,598660,598660,598660,A,571641,594014,594014,1192674,1192674,A,561417,617406,617406,1810080,1810080,A,551088,610830,610830,2420910,2420910,A,540647,539340,539340,2960250,2960250,A,530104,601756,601756,3562006,3562006,A,519430,610139,610139,4172145,4172145,A,508719,607967,607967,4780112,4780112,A,521489,623841,623841,623841,623841,A,521489,,,,,,521489,,,,,,521489,,,,,,521489,,,,,,,,,,,,,,,,,,,,,,,,,,,,,,,,,,,
19,Wien Energie - FHKW Kagran,EFE044,2004-12-23,,,,20000.00039,2005,0,Skrabalgasse 3,,1220,Wien,AT,,,20-Combustion of fuels,7146,5320,5320,5320,5320,A,7146,7097,7097,12417,12417,A,7146,6558,6558,18975,18975,A,4907,3180,3180,3180,3180,A,4907,6581,6581,9761,9761,A,4907,3796,3796,13557,13557,A,4907,1010,1010,14567,14567,A,4907,1426,1426,15993,15993,A,1851,2619,2619,2619,2619,A,3312,25,25,2644,2644,A,0,6,6,2650,2650,A,0,1,1,2651,2651,A,0,1,1,2652,2652,A,0,1,1,2653,2653,A,0,2,2,2655,2655,A,0,2,2,2657,2657,A,,1,1,1,1,A*,,,,,,,,,,,,,,,,,,,,,,,,,,,,,,,,,,,,,,,,,,,,,,,,,,,,,,
121,Lias Fehring,IZI201,2004-01-02,,,,1032810373,2005,0,Fabrikstraße 11,,8350,Fehring,AT,,,32-Manufacture of ceramics,10293,8856,8856,8856,8856,A,10293,4675,4675,13531,13531,A,10293,4686,4686,18217,18217,A,9860,5643,5643,5643,5643,A,9860,3353,3353,8996,8996,A,9860,3453,3453,12449,12449,A,9860,3772,3772,16221,16221,A,9860,2361,2361,18582,18582,A,10002,2148,2038,2038,2038,A*,9827,4231,4231,6269,6269,A,9652,3116,3226,9495,9495,A,9474,3255,3255,12750,12750,A,9295,2815,2815,15565,15565,A,9113,2079,2079,17644,17644,A,7510,2913,2913,20557,20557,A,7355,5702,5702,26259,26259,A,6084,2564,2564,2564,2564,A,6322,,,,,,6322,,,,,,6322,,,,,,6322,,,,,,,,,,,,,,,,,,,,,,,,,,,,,,,,,,,
20,Wien Energie - FW Leopoldau,EFE045,2004-12-29,,,,20000.00038,2005,0,Petritschgasse 1,,1210,Wien,AT,,,20-Combustion of fuels,8110,1223,1223,1223,1223,A,8110,1122,1122,2345,2345,A,8110,2306,2306,4651,4651,A,3435,10359,10359,10359,10359,A,3435,2593,2593,12952,12952,A,3435,3766,3766,16718,16718,A,3435,385,385,17103,17103,A,3435,5474,5474,22577,22577,A,2299,46068,46068,46068,46068,A,2058,39383,39383,85451,85451,A,1822,30146,30146,115597,115597,A,1595,24269,24269,139866,139866,A,1374,39888,39888,179754,179754,A,1160,25652,25652,205406,205406,A,953,19078,19078,224484,224484,A,754,11277,11277,235761,235761,A,3566,8700,8700,8700,8700,A,2333,,,,,,2333,,,,,,2333,,,,,,2333,,,,,,,,,,,,,,,,,,,,,,,,,,,,,,,,,,,
43,Linz Strom FHKW Mitte,EEW021,2004-01-01,,,,20000.00532,2005,0,Nebingerstraße 1,,4020,Linz,AT,,,20-Combustion of fuels,259262,267308,267308,267308,267308,A,259262,225750,225750,493058,493058,A,259262,200554,200554,693612,693612,A,272540,237908,237908,237908,237908,A,272540,198981,198981,436889,436889,A,272540,190586,190586,627475,627475,A,272540,153809,153809,781284,781284,A,272540,101870,101870,883154,883154,A,121686,146969,146969,146969,146969,A,108897,77873,77873,224842,224842,A,96472,111369,111369,336211,336211,A,84439,183596,183596,519807,519807,A,72784,247104,247104,766911,766911,A,61507,220941,220941,987852,987852,A,50595,234327,234327,1222179,1222179,A,40074,209543,209543,1431722,1431722,A,22139,238934,238934,238934,238934,A,21570,,,,,,21001,,,,,,20432,,,,,,19863,,,,,,,,,,,,,,,,,,,,,,,,,,,,,,,,,,,
21,FHKW Arsenal Fernwärme Wien,EFE046,2004-12-30,2015-11-02,,,20000.00040,2005,2014,"Arsenal, Objekt 222",,1030,Wien,AT,,,20-Combustion of fuels,9117,5586,5586,5586,5586,A,9117,11520,11520,17106,17106,A,9117,8969,8969,26075,26075,A,4997,11275,11275,11275,11275,A,4997,27700,27700,38975,38975,A,4997,2684,2684,41659,41659,A,4997,396,396,42055,42055,A,4997,4522,4522,46577,46577,A,3658,16666,16666,16666,16666,A,6546,20746,20746,37412,37412,A,0,,,,,,0,,,,,,0,,,,,,0,,,,,,0,,,,,,0,,,,,,,,,,,,,,,,,,,,,,,,,,,,,,,,,,,,,,,,,,,,,,,,,,,,,,,,,,,,,,,,,
46,Linz Strom FHKW Süd,EEW023,2004-01-01,,,,20000.00533,2005,0,Lunzerstraße 90,,4030,Linz,AT,,,20-Combustion of fuels,263211,316110,316110,316110,316110,A,263211,304625,304625,620735,620735,A,263211,246040,246040,866775,866775,A,306698,320284,320284,320284,320284,A,306698,214884,214884,535168,535168,A,306698,187471,187471,722639,722639,A,306698,153335,153335,875974,875974,A,306698,141207,141207,1017181,1017181,A,71294,128258,128258,128258,128258,A,63801,111486,111486,239744,239744,A,56521,120859,120859,360603,360603,A,49471,141085,141085,501688,501688,A,42643,123061,123061,624749,624749,A,36036,118548,118548,743297,743297,A,29643,139736,139736,883033,883033,A,23479,137450,137450,1020483,1020483,A,14070,174620,174620,174620,174620,A,16028,,,,,,15606,,,,,,15183,,,,,,14760,,,,,,,,,,,,,,,,,,,,,,,,,,,,,,,,,,,
45,FHKW Dornach Linz AG Linz,EFE036,2004-01-02,2020-12-30,,,,2005,2020,Schumpeterstraße 24,,4040,Linz-Urfahr,AT,,,20-Combustion of fuels,423,138,138,138,138,A,423,0,,138,138,A,423,31,31,169,169,A,142,12,12,12,12,A,142,52,52,64,64,A,142,23,23,87,87,A,142,16,16,103,103,A,142,9,9,112,112,A,0,8,8,8,8,A,0,221,221,229,229,A,0,7,7,236,236,A,0,5,5,241,241,A,0,7,7,248,248,A,0,0,,248,248,A,0,0,,248,248,A,0,0,,248,248,A,,,,,,,,,,,,,,,,,,,,,,,,,,,,,,,,,,,,,,,,,,,,,,,,,,,,,,,,,,,,
122,Wien Energie - FHKW Spittelau,EFE042,2004-12-27,,,,20000.00044,2005,0,Spittelauer Lände 45,,1090,Wien,AT,,,20-Combustion of fuels,34349,12639,12639,12639,12639,A,34349,32338,32338,44977,44977,A,34349,36286,36286,81263,81263,A,14597,19327,19327,19327,19327,A,14597,26593,26593,45920,45920,A,14597,32651,32651,78571,78571,A,14597,24711,24711,103282,103282,A,14597,67700,67700,170982,170982,A,20746,80408,80408,80408,80408,A,18566,39484,39484,119892,119892,A,16445,21745,21745,141637,141637,A,14388,3438,3438,145075,145075,A,3099,4045,4045,149120,149120,A,2617,5138,5138,154258,154258,A,2150,1221,1221,155479,155479,A,0,2140,2140,157619,157619,A,346,46938,46938,46938,46938,A,4448,,,,,,4448,,,,,,4448,,,,,,4448,,,,,,,,,,,,,,,,,,,,,,,,,,,,,,,,,,,
26,OMV Raffinerie Schwechat,EMV061,2004-01-02,,,,1033210279,2005,0,Mannswörther Straße 28,,2320,Schwechat,AT,,,21-Refining of mineral oil,2720740,2826917,2826917,2826917,2826917,A,2720740,2829983,2829983,5656900,5656900,A,2720740,2867629,2867629,8524529,8524529,A,2491436,2565047,2565047,2565047,2565047,A,2491436,2567934,2567934,5132981,5132981,A,2491436,2490464,2490464,7623445,7623445,A,2491436,2530318,2533972,10157417,10153763,A,2491436,2592526,2588872,12746289,12746289,A,1803162,2826640,2826640,2826640,2826640,A,1759171,2713186,2713186,5539826,5539826,A,1715882,2804050,2804050,8343876,8343876,A,1675141,2784461,2784461,11128337,11128337,A,1635202,2738604,2738604,13866941,13866941,A,1595273,2824369,2824369,16691310,16691310,A,1555261,2791040,2791040,19482350,19482350,A,1515471,2731772,2731772,22214122,22214122,A,1694477,2749644,2749644,2749644,2749644,A,1694144,,,,,,1694144,,,,,,1694144,,,,,,1694144,,,,,,,,,,,,,,,,,,,,,,,,,,,,,,,,,,,
27,OMV AUT Gasstation Aderklaa II,EMV059,2004-01-02,,,,,2005,0,Marchfeldstrasse 20,,2232,Aderklaa,AT,,,20-Combustion of fuels,14881,14437,14437,14437,14437,A,14881,16376,16376,30813,30813,A,14881,18458,18458,49271,49271,A,14214,16785,16785,16785,16785,A,14214,19353,19353,36138,36138,A,14214,16192,16192,52330,52330,A,14214,13843,13843,66173,66173,A,14214,12675,12675,78848,78848,A,14551,15883,15883,15883,15883,A,14298,15249,15249,31132,31132,A,14045,21180,21180,52312,52312,A,13792,21511,21511,73823,73823,A,13539,15839,15839,89662,89662,A,13285,7126,7126,96788,96788,A,8202,14940,14940,111728,111728,A,8043,9287,9287,121015,121015,A,2283,7340,7340,7340,7340,A,1959,,,,,,1959,,,,,,1959,,,,,,1959,,,,,,,,,,,,,,,,,,,,,,,,,,,,,,,,,,,
28,OMV AUT Gasstation Aderklaa I,EMV060,2004-01-02,,,,,2005,0,Marchfeldstrasse 20,,2232,Ardeklaa,AT,,,20-Combustion of fuels,31704,28562,28562,28562,28562,A,31704,33443,33443,62005,62005,A,31704,33471,33471,95476,95476,A,28547,30659,30659,30659,30659,A,28547,35050,35050,65709,65709,A,28547,30638,30638,96347,96347,A,28547,27756,27756,124103,124103,A,28547,30043,30043,154146,154146,A,35925,35433,35433,35433,35433,A,35300,34107,34107,69540,69540,A,34675,34577,34577,104117,104117,A,34050,36104,36104,140221,140221,A,33425,36115,36115,176336,176336,A,32800,38114,38114,214450,214450,A,32174,40932,40932,255382,255382,A,31549,42528,42528,297910,297910,A,6221,30710,30710,30710,30710,A,5799,,,,,,5799,,,,,,5799,,,,,,5799,,,,,,,,,,,,,,,,,,,,,,,,,,,,,,,,,,,
120,Austrocel Hallein GmbH,IPA089,2004-01-01,,,,20000.00611,2005,0,Salzachtalstraße 88,,5400,Hallein,AT,,,35-Production of pulp,118275,116736,116736,116736,116736,A,118275,86557,86557,203293,203293,A,118275,75948,75948,279241,279241,A,107796,69760,69760,69760,69760,A,107796,31405,31405,101165,101165,A,107796,7692,7692,108857,108857,A,107796,5238,5238,114095,114095,A,107796,6041,6041,120136,120136,A,14793,1637,1637,1637,1637,A,13425,1227,1227,2864,2864,A,12094,1274,1274,4138,4138,A,10800,1057,1057,5195,5195,A,9546,1058,1058,6253,6253,A,8330,1082,1082,7335,7335,A,7152,2059,2059,9394,9394,A,6017,1974,1974,11368,11368,A,85209,3597,3597,3597,3597,A,64513,,,,,,64513,,,,,,64513,,,,,,64513,,,,,,,,,,,,,,,,,,,,,,,,,,,,,,,,,,,
87,Smurfit Kappa Nettingsdorf,IPA090,2004-01-01,,,,20000.00023,2005,0,Nettingsdorfer Straße 40,,4053,Haid beiAnsfelden,AT,,,36-Production of paper or cardboard,111062,89797,89797,89797,89797,A,111062,83728,83728,173525,173525,A,111062,87308,87308,260833,260833,A,92042,74893,74893,74893,74893,A,92042,69853,69853,144746,144746,A*,92042,75790,75790,220536,220536,A,92042,69018,69018,289554,289554,A,92042,63190,63190,352744,352744,A,114925,67686,67686,67686,67686,A,112930,67692,67692,135378,135378,A,110911,66093,66093,201471,201471,A,108870,63130,63130,264601,263920,A*,106808,57843,57843,322444,322444,A,104724,58292,58292,380736,380736,A,102616,56979,56979,437715,437715,A,100499,45718,45718,483433,483433,A,72476,43834,43834,43834,43834,A,72476,,,,,,72476,,,,,,72476,,,,,,72476,,,,,,,,,,,,,,,,,,,,,,,,,,,,,,,,,,,
109,Herbert Pexider GmbH Teufenbach,IZI137,2004-01-01,2015-05-11,,,20000.00481,2005,2014,Bundestraße 6,,8833,Teufenbach,AT,,,32-Manufacture of ceramics,12121,10835,10835,10835,10835,A,12121,11527,11527,22362,22362,A,12121,13507,13507,35869,35869,A*,11693,12299,12299,12299,12299,A,11693,8583,8583,20882,20882,A,11693,9493,9493,30375,30375,A,11693,8552,8552,38927,38927,A,11693,7441,7441,46368,46368,A,9195,6821,,0,Not Calculated,C*,0,0,6821,6821,6821,A,0,,,,,,0,,,,,,0,,,,,,0,,,,,,0,,,,,,0,,,,,,,,,,,,,,,,,,,,,,,,,,,,,,,,,,,,,,,,,,,,,,,,,,,,,,,,,,,,,,,,,
62,Constantia Teich GmbH - Weinburg,IMS199,2004-01-01,,,,20000.00222,2005,0,Mühlhofen 4,,3205,Weinburg,AT,,,20-Combustion of fuels,8495,9754,,0,9754,B,8495,9656,19410,19410,19410,A,8495,11649,11649,31059,31059,A,10868,10342,10342,10342,10342,A,10868,10356,10356,20698,20698,A,10868,10760,10760,31458,31458,A,10868,11386,11386,42844,42844,A*,10868,12272,12272,55116,55116,A,14522,25276,25276,25276,25276,A,13027,24257,24257,49533,49533,A,11571,25271,25271,74804,74804,A,10160,26600,26600,101404,101404,A,8792,27305,27305,128709,128709,A,7466,25242,25242,153951,153951,A,6185,28352,28352,182303,182303,A,4951,31443,31443,213746,213746,A,7764,32037,32037,32037,32037,A,7921,,,,,,7921,,,,,,7921,,,,,,7921,,,,,,,,,,,,,,,,,,,,,,,,,,,,,,,,,,,
32,Salzburg AG FHKW Mitte,EEW024,2004-01-01,,,,20000.00340,2005,0,Elisabethkai 52-54,,5020,Salzburg,AT,,,20-Combustion of fuels,218621,198113,198113,198113,198113,A,218621,201676,201676,399789,399789,A,218621,161374,161374,561163,561163,A,181423,183430,183430,183430,183430,A,181423,172716,172716,356146,356146,A,181423,188359,188359,544505,544505,A,181423,173642,173642,718147,718147,A,181423,138093,138093,856240,856240,A,66770,137326,137326,137326,137326,A,59752,110340,110340,247666,247666,A,52934,126649,126649,374315,374315,A,46332,170029,170029,544344,544344,A,39937,171771,171771,716115,716115,A,33749,146926,146926,863041,863041,A,27762,156799,156799,1019840,1019840,A,21989,172179,172179,1192019,1192019,A,17870,169742,169742,169742,169742,A,17411,,,,,,16951,,,,,,16493,,,,,,16033,,,,,,,,,,,,,,,,,,,,,,,,,,,,,,,,,,,
33,Salzburg AG FHKW Nord,EEW025,2004-01-01,,,,20000.00345,2005,0,Wasserfeldstrasse 31,,5020,Salzburg,AT,,,20-Combustion of fuels,67510,69577,69577,69577,69577,A,67510,59344,59344,128921,128921,A,67510,52437,52437,181358,181358,A,61991,56928,56928,56928,56928,A,61991,56009,56009,112937,112937,A,61991,53194,53194,166131,166131,A,61991,41109,41109,207240,207240,A,61991,43014,43014,250254,250254,A,32492,38286,38286,38286,38286,A,28393,39473,39473,77759,77759,A,25154,39411,39411,117170,117170,A,22016,39367,39367,156537,156537,A,18977,39436,39436,195973,195973,A,16037,35697,35697,231670,231670,A,13192,37945,37945,269615,269615,A,10449,29090,29090,298705,298705,A,4951,44089,44089,44089,44089,A,5301,,,,,,5162,,,,,,5022,,,,,,4882,,,,,,,,,,,,,,,,,,,,,,,,,,,,,,,,,,,
34,Salzburg AG FHKW West Salzburg,EEW26-1,2004-01-02,2008-05-01,,,,2005,2007,Strubergasse 21,,5020,Salzburg,AT,,,1-Combustion installations with a rated thermal input exceeding 20 MW,5098,0,,0,0,A,5098,0,,0,0,A,5098,0,,0,0,A,,Not Reported,,0,Not Calculated,C,,Not Reported,,0,Not Calculated,C,,Not Reported,,0,Not Calculated,C,,,,,,,,,,,,,,,,,,,,,,,,,,,,,,,,,,,,,,,,,,,,,,,,,,,,,,,,,,,,,,,,,,,,,,,,,,,,,,,,,,,,,,,,,,,,,,,,,,,,,,,,,,,,,,,,,,,,,,,,
35,Salzburg AG HW Süd Salzburg,EFE035,2004-01-02,2013-05-15,,,,2005,2012,Mühlbacherhofweg 3,,5020,Salzburg,AT,,,1-Combustion installations with a rated thermal input exceeding 20 MW,1750,502,502,502,502,A,1750,261,261,763,763,A,1750,9,9,772,772,A,411,0,,0,0,A,411,0,,0,0,A,411,0,,0,0,A,411,0,,0,0,A,411,0,,0,0,A,,,,,,,,,,,,,,,,,,,,,,,,,,,,,,,,,,,,,,,,,,,,,,,,,,,,,,,,,,,,,,,,,,,,,,,,,,,,,,,,,,,,,,,,,,,,,,,,,,,,,,,,,,,,
63,Lafarge Perlmooser Mannersdorf,IZE072,2004-01-01,,,,20000.00047,2005,0,Wiener Strasse 10,,2452,Mannersdorf,AT,,,29-Production of cement clinker,609479,584257,584257,584257,584257,A,609479,623883,623883,1208140,1208140,A,609479,708917,708917,1917057,1917057,A,536364,720857,720857,720857,720857,A,536364,613361,613361,1334218,1334218,A,536364,601677,601677,1935895,1935895,A,536364,535516,535516,2471411,2471411,A,594252,566554,566554,3037965,3037965,A,581745,598660,598660,598660,598660,A,571641,594014,594014,1192674,1192674,A,561417,617406,617406,1810080,1810080,A,551088,610830,610830,2420910,2420910,A,540647,539340,539340,2960250,2960250,A,530104,601756,601756,3562006,3562006,A,519430,610139,610139,4172145,4172145,A,508719,607967,607967,4780112,4780112,A,521489,623841,623841,623841,623841,A,521489,,,,,,521489,,,,,,521489,,,,,,521489,,,,,,,,,,,,,,,,,,,,,,,,,,,,,,,,,,,
19,Wien Energie - FHKW Kagran,EFE044,2004-12-23,,,,20000.00039,2005,0,Skrabalgasse 3,,1220,Wien,AT,,,20-Combustion of fuels,7146,5320,5320,5320,5320,A,7146,7097,7097,12417,12417,A,7146,6558,6558,18975,18975,A,4907,3180,3180,3180,3180,A,4907,6581,6581,9761,9761,A,4907,3796,3796,13557,13557,A,4907,1010,1010,14567,14567,A,4907,1426,1426,15993,15993,A,1851,2619,2619,2619,2619,A,3312,25,25,2644,2644,A,0,6,6,2650,2650,A,0,1,1,2651,2651,A,0,1,1,2652,2652,A,0,1,1,2653,2653,A,0,2,2,2655,2655,A,0,2,2,2657,2657,A,,1,1,1,1,A*,,,,,,,,,,,,,,,,,,,,,,,,,,,,,,,,,,,,,,,,,,,,,,,,,,,,,,
121,Lias Fehring,IZI201,2004-01-02,,,,1032810373,2005,0,Fabrikstraße 11,,8350,Fehring,AT,,,32-Manufacture of ceramics,10293,8856,8856,8856,8856,A,10293,4675,4675,13531,13531,A,10293,4686,4686,18217,18217,A,9860,5643,5643,5643,5643,A,9860,3353,3353,8996,8996,A,9860,3453,3453,12449,12449,A,9860,3772,3772,16221,16221,A,9860,2361,2361,18582,18582,A,10002,2148,2038,2038,2038,A*,9827,4231,4231,6269,6269,A,9652,3116,3226,9495,9495,A,9474,3255,3255,12750,12750,A,9295,2815,2815,15565,15565,A,9113,2079,2079,17644,17644,A,7510,2913,2913,20557,20557,A,7355,5702,5702,26259,26259,A,6084,2564,2564,2564,2564,A,6322,,,,,,6322,,,,,,6322,,,,,,6322,,,,,,,,,,,,,,,,,,,,,,,,,,,,,,,,,,,
20,Wien Energie - FW Leopoldau,EFE045,2004-12-29,,,,20000.00038,2005,0,Petritschgasse 1,,1210,Wien,AT,,,20-Combustion of fuels,8110,1223,1223,1223,1223,A,8110,1122,1122,2345,2345,A,8110,2306,2306,4651,4651,A,3435,10359,10359,10359,10359,A,3435,2593,2593,12952,12952,A,3435,3766,3766,16718,16718,A,3435,385,385,17103,17103,A,3435,5474,5474,22577,22577,A,2299,46068,46068,46068,46068,A,2058,39383,39383,85451,85451,A,1822,30146,30146,115597,115597,A,1595,24269,24269,139866,139866,A,1374,39888,39888,179754,179754,A,1160,25652,25652,205406,205406,A,953,19078,19078,224484,224484,A,754,11277,11277,235761,235761,A,3566,8700,8700,8700,8700,A,2333,,,,,,2333,,,,,,2333,,,,,,2333,,,,,,,,,,,,,,,,,,,,,,,,,,,,,,,,,,,
43,Linz Strom FHKW Mitte,EEW021,2004-01-01,,,,20000.00532,2005,0,Nebingerstraße 1,,4020,Linz,AT,,,20-Combustion of fuels,259262,267308,267308,267308,267308,A,259262,225750,225750,493058,493058,A,259262,200554,200554,693612,693612,A,272540,237908,237908,237908,237908,A,272540,198981,198981,436889,436889,A,272540,190586,190586,627475,627475,A,272540,153809,153809,781284,781284,A,272540,101870,101870,883154,883154,A,121686,146969,146969,146969,146969,A,108897,77873,77873,224842,224842,A,96472,111369,111369,336211,336211,A,84439,183596,183596,519807,519807,A,72784,247104,247104,766911,766911,A,61507,220941,220941,987852,987852,A,50595,234327,234327,1222179,1222179,A,40074,209543,209543,1431722,1431722,A,22139,238934,238934,238934,238934,A,21570,,,,,,21001,,,,,,20432,,,,,,19863,,,,,,,,,,,,,,,,,,,,,,,,,,,,,,,,,,,
21,FHKW Arsenal Fernwärme Wien,EFE046,2004-12-30,2015-11-02,,,20000.00040,2005,2014,"Arsenal, Objekt 222",,1030,Wien,AT,,,20-Combustion of fuels,9117,5586,5586,5586,5586,A,9117,11520,11520,17106,17106,A,9117,8969,8969,26075,26075,A,4997,11275,11275,11275,11275,A,4997,27700,27700,38975,38975,A,4997,2684,2684,41659,41659,A,4997,396,396,42055,42055,A,4997,4522,4522,46577,46577,A,3658,16666,16666,16666,16666,A,6546,20746,20746,37412,37412,A,0,,,,,,0,,,,,,0,,,,,,0,,,,,,0,,,,,,0,,,,,,,,,,,,,,,,,,,,,,,,,,,,,,,,,,,,,,,,,,,,,,,,,,,,,,,,,,,,,,,,,
46,Linz Strom FHKW Süd,EEW023,2004-01-01,,,,20000.00533,2005,0,Lunzerstraße 90,,4030,Linz,AT,,,20-Combustion of fuels,263211,316110,316110,316110,316110,A,263211,304625,304625,620735,620735,A,263211,246040,246040,866775,866775,A,306698,320284,320284,320284,320284,A,306698,214884,214884,535168,535168,A,306698,187471,187471,722639,722639,A,306698,153335,153335,875974,875974,A,306698,141207,141207,1017181,1017181,A,71294,128258,128258,128258,128258,A,63801,111486,111486,239744,239744,A,56521,120859,120859,360603,360603,A,49471,141085,141085,501688,501688,A,42643,123061,123061,624749,624749,A,36036,118548,118548,743297,743297,A,29643,139736,139736,883033,883033,A,23479,137450,137450,1020483,1020483,A,14070,174620,174620,174620,174620,A,16028,,,,,,15606,,,,,,15183,,,,,,14760,,,,,,,,,,,,,,,,,,,,,,,,,,,,,,,,,,,
45,FHKW Dornach Linz AG Linz,EFE036,2004-01-02,2020-12-30,,,,2005,2020,Schumpeterstraße 24,,4040,Linz-Urfahr,AT,,,20-Combustion of fuels,423,138,138,138,138,A,423,0,,138,138,A,423,31,31,169,169,A,142,12,12,12,12,A,142,52,52,64,64,A,142,23,23,87,87,A,142,16,16,103,103,A,142,9,9,112,112,A,0,8,8,8,8,A,0,221,221,229,229,A,0,7,7,236,236,A,0,5,5,241,241,A,0,7,7,248,248,A,0,0,,248,248,A,0,0,,248,248,A,0,0,,248,248,A,,,,,,,,,,,,,,,,,,,,,,,,,,,,,,,,,,,,,,,,,,,,,,,,,,,,,,,,,,,,
122,Wien Energie - FHKW Spittelau,EFE042,2004-12-27,,,,20000.00044,2005,0,Spittelauer Lände 45,,1090,Wien,AT,,,20-Combustion of fuels,34349,12639,12639,12639,12639,A,34349,32338,32338,44977,44977,A,34349,36286,36286,81263,81263,A,14597,19327,19327,19327,19327,A,14597,26593,26593,45920,45920,A,14597,32651,32651,78571,78571,A,14597,24711,24711,103282,103282,A,14597,67700,67700,170982,170982,A,20746,80408,80408,80408,80408,A,18566,39484,39484,119892,119892,A,16445,21745,21745,141637,141637,A,14388,3438,3438,145075,145075,A,3099,4045,4045,149120,149120,A,2617,5138,5138,154258,154258,A,2150,1221,1221,155479,155479,A,0,2140,2140,157619,157619,A,346,46938,46938,46938,46938,A,4448,,,,,,4448,,,,,,4448,,,,,,4448,,,,,,,,,,,,,,,,,,,,,,,,,,,,,,,,,,,
26,OMV Raffinerie Schwechat,EMV061,2004-01-02,,,,1033210279,2005,0,Mannswörther Straße 28,,2320,Schwechat,AT,,,21-Refining of mineral oil,2720740,2826917,2826917,2826917,2826917,A,2720740,2829983,2829983,5656900,5656900,A,2720740,2867629,2867629,8524529,8524529,A,2491436,2565047,2565047,2565047,2565047,A,2491436,2567934,2567934,5132981,5132981,A,2491436,2490464,2490464,7623445,7623445,A,2491436,2530318,2533972,10157417,10153763,A,2491436,2592526,2588872,12746289,12746289,A,1803162,2826640,2826640,2826640,2826640,A,1759171,2713186,2713186,5539826,5539826,A,1715882,2804050,2804050,8343876,8343876,A,1675141,2784461,2784461,11128337,11128337,A,1635202,2738604,2738604,13866941,13866941,A,1595273,2824369,2824369,16691310,16691310,A,1555261,2791040,2791040,19482350,19482350,A,1515471,2731772,2731772,22214122,22214122,A,1694477,2749644,2749644,2749644,2749644,A,1694144,,,,,,1694144,,,,,,1694144,,,,,,1694144,,,,,,,,,,,,,,,,,,,,,,,,,,,,,,,,,,,
27,OMV AUT Gasstation Aderklaa II,EMV059,2004-01-02,,,,,2005,0,Marchfeldstrasse 20,,2232,Aderklaa,AT,,,20-Combustion of fuels,14881,14437,14437,14437,14437,A,14881,16376,16376,30813,30813,A,14881,18458,18458,49271,49271,A,14214,16785,16785,16785,16785,A,14214,19353,19353,36138,36138,A,14214,16192,16192,52330,52330,A,14214,13843,13843,66173,66173,A,14214,12675,12675,78848,78848,A,14551,15883,15883,15883,15883,A,14298,15249,15249,31132,31132,A,14045,21180,21180,52312,52312,A,13792,21511,21511,73823,73823,A,13539,15839,15839,89662,89662,A,13285,7126,7126,96788,96788,A,8202,14940,14940,111728,111728,A,8043,9287,9287,121015,121015,A,2283,7340,7340,7340,7340,A,1959,,,,,,1959,,,,,,1959,,,,,,1959,,,,,,,,,,,,,,,,,,,,,,,,,,,,,,,,,,,
28,OMV AUT Gasstation Aderklaa I,EMV060,2004-01-02,,,,,2005,0,Marchfeldstrasse 20,,2232,Ardeklaa,AT,,,20-Combustion of fuels,31704,28562,28562,28562,28562,A,31704,33443,33443,62005,62005,A,31704,33471,33471,95476,95476,A,28547,30659,30659,30659,30659,A,28547,35050,35050,65709,65709,A,28547,30638,30638,96347,96347,A,28547,27756,27756,124103,124103,A,28547,30043,30043,154146,154146,A,35925,35433,35433,35433,35433,A,35300,34107,34107,69540,69540,A,34675,34577,34577,104117,104117,A,34050,36104,36104,140221,140221,A,33425,36115,36115,176336,176336,A,32800,38114,38114,214450,214450,A,32174,40932,40932,255382,255382,A,31549,42528,42528,297910,297910,A,6221,30710,30710,30710,30710,A,5799,,,,,,5799,,,,,,5799,,,,,,5799,,,,,,,,,,,,,,,,,,,,,,,,,,,,,,,,,,,
120,Austrocel Hallein GmbH,IPA089,2004-01-01,,,,20000.00611,2005,0,Salzachtalstraße 88,,5400,Hallein,AT,,,35-Production of pulp,118275,116736,116736,116736,116736,A,118275,86557,86557,203293,203293,A,118275,75948,75948,279241,279241,A,107796,69760,69760,69760,69760,A,107796,31405,31405,101165,101165,A,107796,7692,7692,108857,108857,A,107796,5238,5238,114095,114095,A,107796,6041,6041,120136,120136,A,14793,1637,1637,1637,1637,A,13425,1227,1227,2864,2864,A,12094,1274,1274,4138,4138,A,10800,1057,1057,5195,5195,A,9546,1058,1058,6253,6253,A,8330,1082,1082,7335,7335,A,7152,2059,2059,9394,9394,A,6017,1974,1974,11368,11368,A,85209,3597,3597,3597,3597,A,64513,,,,,,64513,,,,,,64513,,,,,,64513,,,,,,,,,,,,,,,,,,,,,,,,,,,,,,,,,,,
87,Smurfit Kappa Nettingsdorf,IPA090,2004-01-01,,,,20000.00023,2005,0,Nettingsdorfer Straße 40,,4053,Haid beiAnsfelden,AT,,,36-Production of paper or cardboard,111062,89797,89797,89797,89797,A,111062,83728,83728,173525,173525,A,111062,87308,87308,260833,260833,A,92042,74893,74893,74893,74893,A,92042,69853,69853,144746,144746,A*,92042,75790,75790,220536,220536,A,92042,69018,69018,289554,289554,A,92042,63190,63190,352744,352744,A,114925,67686,67686,67686,67686,A,112930,67692,67692,135378,135378,A,110911,66093,66093,201471,201471,A,108870,63130,63130,264601,263920,A*,106808,57843,57843,322444,322444,A,104724,58292,58292,380736,380736,A,102616,56979,56979,437715,437715,A,100499,45718,45718,483433,483433,A,72476,43834,43834,43834,43834,A,72476,,,,,,72476,,,,,,72476,,,,,,72476,,,,,,,,,,,,,,,,,,,,,,,,,,,,,,,,,,,
109,Herbert Pexider GmbH Teufenbach,IZI137,2004-01-01,2015-05-11,,,20000.00481,2005,2014,Bundestraße 6,,8833,Teufenbach,AT,,,32-Manufacture of ceramics,12121,10835,10835,10835,10835,A,12121,11527,11527,22362,22362,A,12121,13507,13507,35869,35869,A*,11693,12299,12299,12299,12299,A,11693,8583,8583,20882,20882,A,11693,9493,9493,30375,30375,A,11693,8552,8552,38927,38927,A,11693,7441,7441,46368,46368,A,9195,6821,,0,Not Calculated,C*,0,0,6821,6821,6821,A,0,,,,,,0,,,,,,0,,,,,,0,,,,,,0,,,,,,0,,,,,,,,,,,,,,,,,,,,,,,,,,,,,,,,,,,,,,,,,,,,,,,,,,,,,,,,,,,,,,,,,
62,Constantia Teich GmbH - Weinburg,IMS199,2004-01-01,,,,20000.00222,2005,0,Mühlhofen 4,,3205,Weinburg,AT,,,20-Combustion of fuels,8495,9754,,0,9754,B,8495,9656,19410,19410,19410,A,8495,11649,11649,31059,31059,A,10868,10342,10342,10342,10342,A,10868,10356,10356,20698,20698,A,10868,10760,10760,31458,31458,A,10868,11386,11386,42844,42844,A*,10868,12272,12272,55116,55116,A,14522,25276,25276,25276,25276,A,13027,24257,24257,49533,49533,A,11571,25271,25271,74804,74804,A,10160,26600,26600,101404,101404,A,8792,27305,27305,128709,128709,A,7466,25242,25242,153951,153951,A,6185,28352,28352,182303,182303,A,4951,31443,31443,213746,213746,A,7764,32037,32037,32037,32037,A,7921,,,,,,7921,,,,,,7921,,,,,,7921,,,,,,,,,,,,,,,,,,,,,,,,,,,,,,,,,,,
32,Salzburg AG FHKW Mitte,EEW024,2004-01-01,,,,20000.00340,2005,0,Elisabethkai 52-54,,5020,Salzburg,AT,,,20-Combustion of fuels,218621,198113,198113,198113,198113,A,218621,201676,201676,399789,399789,A,218621,161374,161374,561163,561163,A,181423,183430,183430,183430,183430,A,181423,172716,172716,356146,356146,A,181423,188359,188359,544505,544505,A,181423,173642,173642,718147,718147,A,181423,138093,138093,856240,856240,A,66770,137326,137326,137326,137326,A,59752,110340,110340,247666,247666,A,52934,126649,126649,374315,374315,A,46332,170029,170029,544344,544344,A,39937,171771,171771,716115,716115,A,33749,146926,146926,863041,863041,A,27762,156799,156799,1019840,1019840,A,21989,172179,172179,1192019,1192019,A,17870,169742,169742,169742,169742,A,17411,,,,,,16951,,,,,,16493,,,,,,16033,,,,,,,,,,,,,,,,,,,,,,,,,,,,,,,,,,,
33,Salzburg AG FHKW Nord,EEW025,2004-01-01,,,,20000.00345,2005,0,Wasserfeldstrasse 31,,5020,Salzburg,AT,,,20-Combustion of fuels,67510,69577,69577,69577,69577,A,67510,59344,59344,128921,128921,A,67510,52437,52437,181358,181358,A,61991,56928,56928,56928,56928,A,61991,56009,56009,112937,112937,A,61991,53194,53194,166131,166131,A,61991,41109,41109,207240,207240,A,61991,43014,43014,250254,250254,A,32492,38286,38286,38286,38286,A,28393,39473,39473,77759,77759,A,25154,39411,39411,117170,117170,A,22016,39367,39367,156537,156537,A,18977,39436,39436,195973,195973,A,16037,35697,35697,231670,231670,A,13192,37945,37945,269615,269615,A,10449,29090,29090,298705,298705,A,4951,44089,44089,44089,44089,A,5301,,,,,,5162,,,,,,5022,,,,,,4882,,,,,,,,,,,,,,,,,,,,,,,,,,,,,,,,,,,
34,Salzburg AG FHKW West Salzburg,EEW26-1,2004-01-02,2008-05-01,,,,2005,2007,Strubergasse 21,,5020,Salzburg,AT,,,1-Combustion installations with a rated thermal input exceeding 20 MW,5098,0,,0,0,A,5098,0,,0,0,A,5098,0,,0,0,A,,Not Reported,,0,Not Calculated,C,,Not Reported,,0,Not Calculated,C,,Not Reported,,0,Not Calculated,C,,,,,,,,,,,,,,,,,,,,,,,,,,,,,,,,,,,,,,,,,,,,,,,,,,,,,,,,,,,,,,,,,,,,,,,,,,,,,,,,,,,,,,,,,,,,,,,,,,,,,,,,,,,,,,,,,,,,,,,,
35,Salzburg AG HW Süd Salzburg,EFE035,2004-01-02,2013-05-15,,,,2005,2012,Mühlbacherhofweg 3,,5020,Salzburg,AT,,,1-Combustion installations with a rated thermal input exceeding 20 MW,1750,502,502,502,502,A,1750,261,261,763,763,A,1750,9,9,772,772,A,411,0,,0,0,A,411,0,,0,0,A,411,0,,0,0,A,411,0,,0,0,A,411,0,,0,0,A,,,,,,,,,,,,,,,,,,,,,,,,,,,,,,,,,,,,,,,,,,,,,,,,,,,,,,,,,,,,,,,,,,,,,,,,,,,,,,,,,,,,,,,,,,,,,,,,,,,,,,,,,,,,
